variant_id,gene,variant,label,clinvar_variation_id,review_status,condition,source_url,date_retrieved
snca-a53t,SNCA,A53T,pathogenic,UNRESOLVED,seed,Parkinson disease,,
snca-e46k,SNCA,E46K,pathogenic,UNRESOLVED,seed,Parkinson disease,,
snca-a30p,SNCA,A30P,pathogenic,UNRESOLVED,seed,Parkinson disease,,
snca-g51d,SNCA,G51D,pathogenic,UNRESOLVED,seed,Parkinson disease,,
snca-h50q,SNCA,H50Q,pathogenic,UNRESOLVED,seed,Parkinson disease,,
snca-a53v,SNCA,A53V,pathogenic,UNRESOLVED,seed,Parkinson disease,,
snca-a18t,SNCA,A18T,benign,UNRESOLVED,seed,not specified,,
snca-a90v,SNCA,A90V,benign,UNRESOLVED,seed,not specified,,
snca-v15a,SNCA,V15A,benign,UNRESOLVED,seed,not specified,,
snca-g36r,SNCA,G36R,benign,UNRESOLVED,seed,not specified,,
snca-e35k,SNCA,E35K,benign,UNRESOLVED,seed,not specified,,
snca-t72m,SNCA,T72M,benign,UNRESOLVED,seed,not specified,,
snca-r69c,SNCA,R69C,vus,UNRESOLVED,seed,not specified,,
snca-g93a,SNCA,G93A,vus,UNRESOLVED,seed,not specified,,
snca-v118a,SNCA,V118A,vus,UNRESOLVED,seed,not specified,,
ttr-v50m,TTR,V50M,pathogenic,UNRESOLVED,seed,hereditary transthyretin amyloidosis,,
ttr-v122i,TTR,V122I,pathogenic,UNRESOLVED,seed,hereditary transthyretin amyloidosis,,
ttr-l55p,TTR,L55P,pathogenic,UNRESOLVED,seed,hereditary transthyretin amyloidosis,,
ttr-t80a,TTR,T80A,pathogenic,UNRESOLVED,seed,hereditary transthyretin amyloidosis,,
ttr-i68l,TTR,I68L,pathogenic,UNRESOLVED,seed,hereditary transthyretin amyloidosis,,
ttr-d18g,TTR,D18G,pathogenic,UNRESOLVED,seed,hereditary transthyretin amyloidosis,,
ttr-t139m,TTR,T139M,benign,UNRESOLVED,seed,not specified,,
ttr-v20i,TTR,V20I,benign,UNRESOLVED,seed,not specified,,
ttr-a25t,TTR,A25T,benign,UNRESOLVED,seed,not specified,,
ttr-g26s,TTR,G26S,benign,UNRESOLVED,seed,not specified,,
ttr-v30a,TTR,V30A,benign,UNRESOLVED,seed,not specified,,
ttr-t59a,TTR,T59A,benign,UNRESOLVED,seed,not specified,,
ttr-a45t,TTR,A45T,vus,UNRESOLVED,seed,not specified,,
ttr-v48m,TTR,V48M,vus,UNRESOLVED,seed,not specified,,
ttr-v52g,TTR,V52G,vus,UNRESOLVED,seed,not specified,,
mapt-p301l,MAPT,P301L,pathogenic,UNRESOLVED,seed,frontotemporal dementia,,
mapt-v337m,MAPT,V337M,pathogenic,UNRESOLVED,seed,frontotemporal dementia,,
mapt-r406w,MAPT,R406W,pathogenic,UNRESOLVED,seed,frontotemporal dementia,,
mapt-p301s,MAPT,P301S,pathogenic,UNRESOLVED,seed,frontotemporal dementia,,
mapt-s305n,MAPT,S305N,pathogenic,UNRESOLVED,seed,frontotemporal dementia,,
mapt-a152t,MAPT,A152T,benign,UNRESOLVED,seed,not specified,,
mapt-g272v,MAPT,G272V,benign,UNRESOLVED,seed,not specified,,
mapt-n279k,MAPT,N279K,benign,UNRESOLVED,seed,not specified,,
mapt-k257t,MAPT,K257T,benign,UNRESOLVED,seed,not specified,,
mapt-r5h,MAPT,R5H,benign,UNRESOLVED,seed,not specified,,
mapt-p301a,MAPT,P301A,vus,UNRESOLVED,seed,not specified,,
mapt-s305i,MAPT,S305I,vus,UNRESOLVED,seed,not specified,,
mapt-v300i,MAPT,V300I,vus,UNRESOLVED,seed,not specified,,
mapt-k369i,MAPT,K369I,vus,UNRESOLVED,seed,not specified,,
mapt-g335s,MAPT,G335S,vus,UNRESOLVED,seed,not specified,,
