variant_id,gene,variant,label,clinvar_variation_id,review_status,condition,source_url,date_retrieved
snca-a53t,SNCA,A53T,pathogenic,14007,retrieved,NM_000345.4(SNCA):c.157G>A (p.Ala53Thr),https://www.ncbi.nlm.nih.gov/clinvar/?term=SNCA%5Bgene%5D+AND+%28%22A53T%22+OR+%22Ala53Thr%22+OR+%22p.Ala53Thr%22%29,2026-08-17
snca-e46k,SNCA,E46K,pathogenic,UNRESOLVED,retrieval_error:URLError,Parkinson disease,https://www.ncbi.nlm.nih.gov/clinvar/?term=SNCA%5Bgene%5D+AND+%28%22E46K%22+OR+%22Glu46Lys%22+OR+%22p.Glu46Lys%22%29,2026-08-17
snca-a30p,SNCA,A30P,pathogenic,14008,retrieved,NM_000345.4(SNCA):c.88G>C (p.Ala30Pro),https://www.ncbi.nlm.nih.gov/clinvar/?term=SNCA%5Bgene%5D+AND+%28%22A30P%22+OR+%22Ala30Pro%22+OR+%22p.Ala30Pro%22%29,2026-08-17
snca-g51d,SNCA,G51D,pathogenic,97000,retrieved,NM_000345.4(SNCA):c.152G>A (p.Gly51Asp),https://www.ncbi.nlm.nih.gov/clinvar/?term=SNCA%5Bgene%5D+AND+%28%22G51D%22+OR+%22Gly51Asp%22+OR+%22p.Gly51Asp%22%29,2026-08-17
snca-h50q,SNCA,H50Q,pathogenic,162095,retrieved,NM_000345.4(SNCA):c.150T>G (p.His50Gln),https://www.ncbi.nlm.nih.gov/clinvar/?term=SNCA%5Bgene%5D+AND+%28%22H50Q%22+OR+%22His50Gln%22+OR+%22p.His50Gln%22%29,2026-08-17
snca-a53v,SNCA,A53V,pathogenic,1393530,retrieved,NM_000345.4(SNCA):c.158C>T (p.Ala53Val),https://www.ncbi.nlm.nih.gov/clinvar/?term=SNCA%5Bgene%5D+AND+%28%22A53V%22+OR+%22Ala53Val%22+OR+%22p.Ala53Val%22%29,2026-08-17
snca-a18t,SNCA,A18T,benign,UNRESOLVED,missing_exact_variant,not specified,https://www.ncbi.nlm.nih.gov/clinvar/?term=SNCA%5Bgene%5D+AND+%28%22A18T%22+OR+%22Ala18Thr%22+OR+%22p.Ala18Thr%22%29,2026-08-17
snca-a90v,SNCA,A90V,benign,UNRESOLVED,missing_exact_variant,not specified,https://www.ncbi.nlm.nih.gov/clinvar/?term=SNCA%5Bgene%5D+AND+%28%22A90V%22+OR+%22Ala90Val%22+OR+%22p.Ala90Val%22%29,2026-08-17
snca-v15a,SNCA,V15A,benign,871101,retrieved,NM_000345.4(SNCA):c.44T>C (p.Val15Ala),https://www.ncbi.nlm.nih.gov/clinvar/?term=SNCA%5Bgene%5D+AND+%28%22V15A%22+OR+%22Val15Ala%22+OR+%22p.Val15Ala%22%29,2026-08-17
snca-g36r,SNCA,G36R,benign,2573879,retrieved,NM_000345.4(SNCA):c.106G>C (p.Gly36Arg),https://www.ncbi.nlm.nih.gov/clinvar/?term=SNCA%5Bgene%5D+AND+%28%22G36R%22+OR+%22Gly36Arg%22+OR+%22p.Gly36Arg%22%29,2026-08-17
snca-e35k,SNCA,E35K,benign,UNRESOLVED,missing_exact_variant,not specified,https://www.ncbi.nlm.nih.gov/clinvar/?term=SNCA%5Bgene%5D+AND+%28%22E35K%22+OR+%22Glu35Lys%22+OR+%22p.Glu35Lys%22%29,2026-08-17
snca-t72m,SNCA,T72M,benign,UNRESOLVED,missing_exact_variant,not specified,https://www.ncbi.nlm.nih.gov/clinvar/?term=SNCA%5Bgene%5D+AND+%28%22T72M%22+OR+%22Thr72Met%22+OR+%22p.Thr72Met%22%29,2026-08-17
snca-r69c,SNCA,R69C,vus,UNRESOLVED,missing_exact_variant,not specified,https://www.ncbi.nlm.nih.gov/clinvar/?term=SNCA%5Bgene%5D+AND+%28%22R69C%22+OR+%22Arg69Cys%22+OR+%22p.Arg69Cys%22%29,2026-08-17
snca-g93a,SNCA,G93A,vus,UNRESOLVED,missing_exact_variant,not specified,https://www.ncbi.nlm.nih.gov/clinvar/?term=SNCA%5Bgene%5D+AND+%28%22G93A%22+OR+%22Gly93Ala%22+OR+%22p.Gly93Ala%22%29,2026-08-17
snca-v118a,SNCA,V118A,vus,UNRESOLVED,missing_exact_variant,not specified,https://www.ncbi.nlm.nih.gov/clinvar/?term=SNCA%5Bgene%5D+AND+%28%22V118A%22+OR+%22Val118Ala%22+OR+%22p.Val118Ala%22%29,2026-08-17
ttr-v50m,TTR,V50M,pathogenic,13417,retrieved,NM_000371.4(TTR):c.148G>A (p.Val50Met),https://www.ncbi.nlm.nih.gov/clinvar/?term=TTR%5Bgene%5D+AND+%28%22V50M%22+OR+%22Val50Met%22+OR+%22p.Val50Met%22%29,2026-08-17
ttr-v122i,TTR,V122I,pathogenic,UNRESOLVED,ambiguous_exact_match:0,hereditary transthyretin amyloidosis,https://www.ncbi.nlm.nih.gov/clinvar/?term=TTR%5Bgene%5D+AND+%28%22V122I%22+OR+%22Val122Ile%22+OR+%22p.Val122Ile%22%29,2026-08-17
ttr-l55p,TTR,L55P,pathogenic,UNRESOLVED,ambiguous_exact_match:0,hereditary transthyretin amyloidosis,https://www.ncbi.nlm.nih.gov/clinvar/?term=TTR%5Bgene%5D+AND+%28%22L55P%22+OR+%22Leu55Pro%22+OR+%22p.Leu55Pro%22%29,2026-08-17
ttr-t80a,TTR,T80A,pathogenic,13421,retrieved,NM_000371.4(TTR):c.238A>G (p.Thr80Ala),https://www.ncbi.nlm.nih.gov/clinvar/?term=TTR%5Bgene%5D+AND+%28%22T80A%22+OR+%22Thr80Ala%22+OR+%22p.Thr80Ala%22%29,2026-08-17
ttr-i68l,TTR,I68L,pathogenic,UNRESOLVED,ambiguous_exact_match:0,hereditary transthyretin amyloidosis,https://www.ncbi.nlm.nih.gov/clinvar/?term=TTR%5Bgene%5D+AND+%28%22I68L%22+OR+%22Ile68Leu%22+OR+%22p.Ile68Leu%22%29,2026-08-17
ttr-d18g,TTR,D18G,pathogenic,UNRESOLVED,ambiguous_exact_match:0,hereditary transthyretin amyloidosis,https://www.ncbi.nlm.nih.gov/clinvar/?term=TTR%5Bgene%5D+AND+%28%22D18G%22+OR+%22Asp18Gly%22+OR+%22p.Asp18Gly%22%29,2026-08-17
ttr-t139m,TTR,T139M,benign,13434,retrieved,NM_000371.4(TTR):c.416C>T (p.Thr139Met),https://www.ncbi.nlm.nih.gov/clinvar/?term=TTR%5Bgene%5D+AND+%28%22T139M%22+OR+%22Thr139Met%22+OR+%22p.Thr139Met%22%29,2026-08-17
ttr-v20i,TTR,V20I,benign,UNRESOLVED,ambiguous_exact_match:0,not specified,https://www.ncbi.nlm.nih.gov/clinvar/?term=TTR%5Bgene%5D+AND+%28%22V20I%22+OR+%22Val20Ile%22+OR+%22p.Val20Ile%22%29,2026-08-17
ttr-a25t,TTR,A25T,benign,UNRESOLVED,ambiguous_exact_match:0,not specified,https://www.ncbi.nlm.nih.gov/clinvar/?term=TTR%5Bgene%5D+AND+%28%22A25T%22+OR+%22Ala25Thr%22+OR+%22p.Ala25Thr%22%29,2026-08-17
ttr-g26s,TTR,G26S,benign,13452,retrieved,NM_000371.4(TTR):c.76G>A (p.Gly26Ser),https://www.ncbi.nlm.nih.gov/clinvar/?term=TTR%5Bgene%5D+AND+%28%22G26S%22+OR+%22Gly26Ser%22+OR+%22p.Gly26Ser%22%29,2026-08-17
ttr-v30a,TTR,V30A,benign,UNRESOLVED,ambiguous_exact_match:0,not specified,https://www.ncbi.nlm.nih.gov/clinvar/?term=TTR%5Bgene%5D+AND+%28%22V30A%22+OR+%22Val30Ala%22+OR+%22p.Val30Ala%22%29,2026-08-17
ttr-t59a,TTR,T59A,benign,UNRESOLVED,missing_exact_variant,not specified,https://www.ncbi.nlm.nih.gov/clinvar/?term=TTR%5Bgene%5D+AND+%28%22T59A%22+OR+%22Thr59Ala%22+OR+%22p.Thr59Ala%22%29,2026-08-17
ttr-a45t,TTR,A45T,vus,UNRESOLVED,retrieval_error:URLError,not specified,https://www.ncbi.nlm.nih.gov/clinvar/?term=TTR%5Bgene%5D+AND+%28%22A45T%22+OR+%22Ala45Thr%22+OR+%22p.Ala45Thr%22%29,2026-08-17
ttr-v48m,TTR,V48M,vus,4193819,retrieved,NM_000371.4(TTR):c.142G>A (p.Val48Met),https://www.ncbi.nlm.nih.gov/clinvar/?term=TTR%5Bgene%5D+AND+%28%22V48M%22+OR+%22Val48Met%22+OR+%22p.Val48Met%22%29,2026-08-17
ttr-v52g,TTR,V52G,vus,UNRESOLVED,missing_exact_variant,not specified,https://www.ncbi.nlm.nih.gov/clinvar/?term=TTR%5Bgene%5D+AND+%28%22V52G%22+OR+%22Val52Gly%22+OR+%22p.Val52Gly%22%29,2026-08-17
mapt-p301l,MAPT,P301L,pathogenic,UNRESOLVED,ambiguous_exact_match:0,frontotemporal dementia,https://www.ncbi.nlm.nih.gov/clinvar/?term=MAPT%5Bgene%5D+AND+%28%22P301L%22+OR+%22Pro301Leu%22+OR+%22p.Pro301Leu%22%29,2026-08-17
mapt-v337m,MAPT,V337M,pathogenic,UNRESOLVED,ambiguous_exact_match:0,frontotemporal dementia,https://www.ncbi.nlm.nih.gov/clinvar/?term=MAPT%5Bgene%5D+AND+%28%22V337M%22+OR+%22Val337Met%22+OR+%22p.Val337Met%22%29,2026-08-17
mapt-r406w,MAPT,R406W,pathogenic,UNRESOLVED,ambiguous_exact_match:0,frontotemporal dementia,https://www.ncbi.nlm.nih.gov/clinvar/?term=MAPT%5Bgene%5D+AND+%28%22R406W%22+OR+%22Arg406Trp%22+OR+%22p.Arg406Trp%22%29,2026-08-17
mapt-p301s,MAPT,P301S,pathogenic,UNRESOLVED,ambiguous_exact_match:0,frontotemporal dementia,https://www.ncbi.nlm.nih.gov/clinvar/?term=MAPT%5Bgene%5D+AND+%28%22P301S%22+OR+%22Pro301Ser%22+OR+%22p.Pro301Ser%22%29,2026-08-17
mapt-s305n,MAPT,S305N,pathogenic,UNRESOLVED,ambiguous_exact_match:0,frontotemporal dementia,https://www.ncbi.nlm.nih.gov/clinvar/?term=MAPT%5Bgene%5D+AND+%28%22S305N%22+OR+%22Ser305Asn%22+OR+%22p.Ser305Asn%22%29,2026-08-17
mapt-a152t,MAPT,A152T,benign,UNRESOLVED,ambiguous_exact_match:0,not specified,https://www.ncbi.nlm.nih.gov/clinvar/?term=MAPT%5Bgene%5D+AND+%28%22A152T%22+OR+%22Ala152Thr%22+OR+%22p.Ala152Thr%22%29,2026-08-17
mapt-g272v,MAPT,G272V,benign,UNRESOLVED,ambiguous_exact_match:0,not specified,https://www.ncbi.nlm.nih.gov/clinvar/?term=MAPT%5Bgene%5D+AND+%28%22G272V%22+OR+%22Gly272Val%22+OR+%22p.Gly272Val%22%29,2026-08-17
mapt-n279k,MAPT,N279K,benign,UNRESOLVED,ambiguous_exact_match:0,not specified,https://www.ncbi.nlm.nih.gov/clinvar/?term=MAPT%5Bgene%5D+AND+%28%22N279K%22+OR+%22Asn279Lys%22+OR+%22p.Asn279Lys%22%29,2026-08-17
mapt-k257t,MAPT,K257T,benign,UNRESOLVED,ambiguous_exact_match:0,not specified,https://www.ncbi.nlm.nih.gov/clinvar/?term=MAPT%5Bgene%5D+AND+%28%22K257T%22+OR+%22Lys257Thr%22+OR+%22p.Lys257Thr%22%29,2026-08-17
mapt-r5h,MAPT,R5H,benign,14261,retrieved,NM_001377265.1(MAPT):c.14G>A (p.Arg5His),https://www.ncbi.nlm.nih.gov/clinvar/?term=MAPT%5Bgene%5D+AND+%28%22R5H%22+OR+%22Arg5His%22+OR+%22p.Arg5His%22%29,2026-08-17
mapt-p301a,MAPT,P301A,vus,UNRESOLVED,ambiguous_exact_match:0,not specified,https://www.ncbi.nlm.nih.gov/clinvar/?term=MAPT%5Bgene%5D+AND+%28%22P301A%22+OR+%22Pro301Ala%22+OR+%22p.Pro301Ala%22%29,2026-08-17
mapt-s305i,MAPT,S305I,vus,UNRESOLVED,ambiguous_exact_match:0,not specified,https://www.ncbi.nlm.nih.gov/clinvar/?term=MAPT%5Bgene%5D+AND+%28%22S305I%22+OR+%22Ser305Ile%22+OR+%22p.Ser305Ile%22%29,2026-08-17
mapt-v300i,MAPT,V300I,vus,UNRESOLVED,ambiguous_exact_match:0,not specified,https://www.ncbi.nlm.nih.gov/clinvar/?term=MAPT%5Bgene%5D+AND+%28%22V300I%22+OR+%22Val300Ile%22+OR+%22p.Val300Ile%22%29,2026-08-17
mapt-k369i,MAPT,K369I,vus,UNRESOLVED,ambiguous_exact_match:0,not specified,https://www.ncbi.nlm.nih.gov/clinvar/?term=MAPT%5Bgene%5D+AND+%28%22K369I%22+OR+%22Lys369Ile%22+OR+%22p.Lys369Ile%22%29,2026-08-17
mapt-g335s,MAPT,G335S,vus,UNRESOLVED,ambiguous_exact_match:0,not specified,https://www.ncbi.nlm.nih.gov/clinvar/?term=MAPT%5Bgene%5D+AND+%28%22G335S%22+OR+%22Gly335Ser%22+OR+%22p.Gly335Ser%22%29,2026-08-17
